"ID","PARENT_ID","URI","FILE_PATH","NAME","METHOD","STATUS","SIZE","TYPE","EXT","LAST_MODIFIED","EXTENSION_MISMATCH","HASH","FORMAT_COUNT","PUID","MIME_TYPE","FORMAT_NAME","FORMAT_VERSION"
"1","","file:/data/","/data","data","","Done","","Folder","","2026-08-04T21:21:46","false","",""
"2","1","file:/data/lb-00101/","/data/lb-00101","lb-00101","","Done","","Folder","","2026-08-11T09:41:11","false","",""
"3","1","file:/data/lb-00108/","/data/lb-00108","lb-00108","","Done","","Folder","","2026-08-11T09:41:17","false","",""
"4","2","file:/data/lb-00101/lb-00101-01.tif","/data/lb-00101/lb-00101-01.tif","lb-00101-01.tif","Signature","Done","18164888","File","tif","2026-08-11T09:41:05","false","","1","fmt/353","image/tiff","Tagged Image File Format",""
"5","2","file:/data/lb-00101/lb-00101-02.tif","/data/lb-00101/lb-00101-02.tif","lb-00101-02.tif","Signature","Done","16982288","File","tif","2026-08-11T09:41:07","false","","1","fmt/353","image/tiff","Tagged Image File Format",""
"6","2","file:/data/lb-00101/lb-00101-03.tif","/data/lb-00101/lb-00101-03.tif","lb-00101-03.tif","Signature","Done","15937404","File","tif","2026-08-11T09:41:09","false","","1","fmt/353","image/tiff","Tagged Image File Format",""
"7","2","file:/data/lb-00101/lb-00101-04.tif","/data/lb-00101/lb-00101-04.tif","lb-00101-04.tif","Signature","Done","18225822","File","tif","2026-08-11T09:41:11","false","","1","fmt/353","image/tiff","Tagged Image File Format",""
"8","1","file:/data/lb-00102/","/data/lb-00102","lb-00102","","Done","","Folder","","2026-08-11T09:41:24","false","",""
"9","3","file:/data/lb-00108/lb-00108-01.tif","/data/lb-00108/lb-00108-01.tif","lb-00108-01.tif","Signature","Done","17563634","File","tif","2026-08-11T09:41:12","false","","1","fmt/353","image/tiff","Tagged Image File Format",""
"10","3","file:/data/lb-00108/lb-00108-02.tif","/data/lb-00108/lb-00108-02.tif","lb-00108-02.tif","Signature","Done","17128506","File","tif","2026-08-11T09:41:14","false","","1","fmt/353","image/tiff","Tagged Image File Format",""
"11","1","file:/data/lb-00103/","/data/lb-00103","lb-00103","","Done","","Folder","","2026-08-11T09:41:30","false","",""
"12","3","file:/data/lb-00108/lb-00108-03.tif","/data/lb-00108/lb-00108-03.tif","lb-00108-03.tif","Signature","Done","15196202","File","tif","2026-08-11T09:41:16","false","","1","fmt/353","image/tiff","Tagged Image File Format",""
"13","3","file:/data/lb-00108/lb-00108-04.tif","/data/lb-00108/lb-00108-04.tif","lb-00108-04.tif","Signature","Done","17010030","File","tif","2026-08-11T09:41:17","false","","1","fmt/353","image/tiff","Tagged Image File Format",""
"14","8","file:/data/lb-00102/lb-00102-04.tif","/data/lb-00102/lb-00102-04.tif","lb-00102-04.tif","Signature","Done","18263070","File","tif","2026-08-11T09:41:19","false","","1","fmt/353","image/tiff","Tagged Image File Format",""
"15","8","file:/data/lb-00102/lb-00102-01.tif","/data/lb-00102/lb-00102-01.tif","lb-00102-01.tif","Signature","Done","17860360","File","tif","2026-08-11T09:41:21","false","","1","fmt/353","image/tiff","Tagged Image File Format",""
"16","1","file:/data/lb-00104/","/data/lb-00104","lb-00104","","Done","","Folder","","2026-08-11T09:41:36","false","",""
"17","8","file:/data/lb-00102/lb-00102-02.tif","/data/lb-00102/lb-00102-02.tif","lb-00102-02.tif","Signature","Done","17040144","File","tif","2026-08-11T09:41:22","false","","1","fmt/353","image/tiff","Tagged Image File Format",""
"18","8","file:/data/lb-00102/lb-00102-03.tif","/data/lb-00102/lb-00102-03.tif","lb-00102-03.tif","Signature","Done","15807606","File","tif","2026-08-11T09:41:24","false","","1","fmt/353","image/tiff","Tagged Image File Format",""
"19","11","file:/data/lb-00103/lb-00103-04.tif","/data/lb-00103/lb-00103-04.tif","lb-00103-04.tif","Signature","Done","13888086","File","tif","2026-08-11T09:41:25","false","","1","fmt/353","image/tiff","Tagged Image File Format",""
"20","11","file:/data/lb-00103/lb-00103-01.tif","/data/lb-00103/lb-00103-01.tif","lb-00103-01.tif","Signature","Done","14428818","File","tif","2026-08-11T09:41:27","false","","1","fmt/353","image/tiff","Tagged Image File Format",""
"21","11","file:/data/lb-00103/lb-00103-02.tif","/data/lb-00103/lb-00103-02.tif","lb-00103-02.tif","Signature","Done","14981088","File","tif","2026-08-11T09:41:28","false","","1","fmt/353","image/tiff","Tagged Image File Format",""
"22","1","file:/data/lb-00105/","/data/lb-00105","lb-00105","","Done","","Folder","","2026-08-11T09:41:43","false","",""
"23","11","file:/data/lb-00103/lb-00103-03.tif","/data/lb-00103/lb-00103-03.tif","lb-00103-03.tif","Signature","Done","13485030","File","tif","2026-08-11T09:41:30","false","","1","fmt/353","image/tiff","Tagged Image File Format",""
"24","16","file:/data/lb-00104/lb-00104-04.tif","/data/lb-00104/lb-00104-04.tif","lb-00104-04.tif","Signature","Done","17688230","File","tif","2026-08-11T09:41:31","false","","1","fmt/353","image/tiff","Tagged Image File Format",""
"25","16","file:/data/lb-00104/lb-00104-01.tif","/data/lb-00104/lb-00104-01.tif","lb-00104-01.tif","Signature","Done","18324554","File","tif","2026-08-11T09:41:33","false","","1","fmt/353","image/tiff","Tagged Image File Format",""
"26","1","file:/data/lb-00106/","/data/lb-00106","lb-00106","","Done","","Folder","","2026-08-11T09:41:50","false","",""
"27","16","file:/data/lb-00104/lb-00104-02.tif","/data/lb-00104/lb-00104-02.tif","lb-00104-02.tif","Signature","Done","20075754","File","tif","2026-08-11T09:41:35","false","","1","fmt/353","image/tiff","Tagged Image File Format",""
"28","16","file:/data/lb-00104/lb-00104-03.tif","/data/lb-00104/lb-00104-03.tif","lb-00104-03.tif","Signature","Done","18882620","File","tif","2026-08-11T09:41:36","false","","1","fmt/353","image/tiff","Tagged Image File Format",""
"29","22","file:/data/lb-00105/lb-00105-04.tif","/data/lb-00105/lb-00105-04.tif","lb-00105-04.tif","Signature","Done","18150412","File","tif","2026-08-11T09:41:38","false","","1","fmt/353","image/tiff","Tagged Image File Format",""
"30","22","file:/data/lb-00105/lb-00105-01.tif","/data/lb-00105/lb-00105-01.tif","lb-00105-01.tif","Signature","Done","17183474","File","tif","2026-08-11T09:41:40","false","","1","fmt/353","image/tiff","Tagged Image File Format",""
"31","1","file:/data/lb-00109/","/data/lb-00109","lb-00109","","Done","","Folder","","2026-08-11T09:41:56","false","",""
"32","22","file:/data/lb-00105/lb-00105-02.tif","/data/lb-00105/lb-00105-02.tif","lb-00105-02.tif","Signature","Done","15882934","File","tif","2026-08-11T09:41:41","false","","1","fmt/353","image/tiff","Tagged Image File Format",""
"33","22","file:/data/lb-00105/lb-00105-03.tif","/data/lb-00105/lb-00105-03.tif","lb-00105-03.tif","Signature","Done","14377826","File","tif","2026-08-11T09:41:43","false","","1","fmt/353","image/tiff","Tagged Image File Format",""
"34","26","file:/data/lb-00106/lb-00106-04.tif","/data/lb-00106/lb-00106-04.tif","lb-00106-04.tif","Signature","Done","19015114","File","tif","2026-08-11T09:41:45","false","","1","fmt/353","image/tiff","Tagged Image File Format",""
"35","26","file:/data/lb-00106/lb-00106-01.tif","/data/lb-00106/lb-00106-01.tif","lb-00106-01.tif","Signature","Done","20527940","File","tif","2026-08-11T09:41:46","false","","1","fmt/353","image/tiff","Tagged Image File Format",""
"36","1","file:/data/lb-00149/","/data/lb-00149","lb-00149","","Done","","Folder","","2026-08-04T21:16:13","false","",""
"37","26","file:/data/lb-00106/lb-00106-02.tif","/data/lb-00106/lb-00106-02.tif","lb-00106-02.tif","Signature","Done","18780274","File","tif","2026-08-11T09:41:48","false","","1","fmt/353","image/tiff","Tagged Image File Format",""
"38","1","file:/data/lb-00127/","/data/lb-00127","lb-00127","","Done","","Folder","","2026-08-11T09:42:04","false","",""
"39","26","file:/data/lb-00106/lb-00106-03.tif","/data/lb-00106/lb-00106-03.tif","lb-00106-03.tif","Signature","Done","17365130","File","tif","2026-08-11T09:41:50","false","","1","fmt/353","image/tiff","Tagged Image File Format",""
"40","31","file:/data/lb-00109/lb-00109-01.tif","/data/lb-00109/lb-00109-01.tif","lb-00109-01.tif","Signature","Done","16195914","File","tif","2026-08-11T09:41:51","false","","1","fmt/353","image/tiff","Tagged Image File Format",""
"41","31","file:/data/lb-00109/lb-00109-02.tif","/data/lb-00109/lb-00109-02.tif","lb-00109-02.tif","Signature","Done","15761272","File","tif","2026-08-11T09:41:53","false","","1","fmt/353","image/tiff","Tagged Image File Format",""
"42","31","file:/data/lb-00109/lb-00109-03.tif","/data/lb-00109/lb-00109-03.tif","lb-00109-03.tif","Signature","Done","14431692","File","tif","2026-08-11T09:41:55","false","","1","fmt/353","image/tiff","Tagged Image File Format",""
"43","31","file:/data/lb-00109/lb-00109-04.tif","/data/lb-00109/lb-00109-04.tif","lb-00109-04.tif","Signature","Done","16714696","File","tif","2026-08-11T09:41:56","false","","1","fmt/353","image/tiff","Tagged Image File Format",""
"44","1","file:/data/lb-00110/","/data/lb-00110","lb-00110","","Done","","Folder","","2026-08-11T09:42:11","false","",""
"45","38","file:/data/lb-00127/lb-00127-01.tif","/data/lb-00127/lb-00127-01.tif","lb-00127-01.tif","Signature","Done","23793106","File","tif","2026-08-11T09:41:58","false","","1","fmt/353","image/tiff","Tagged Image File Format",""
"46","38","file:/data/lb-00127/lb-00127-02.tif","/data/lb-00127/lb-00127-02.tif","lb-00127-02.tif","Signature","Done","24065138","File","tif","2026-08-11T09:42:00","false","","1","fmt/353","image/tiff","Tagged Image File Format",""
"47","38","file:/data/lb-00127/lb-00127-03.tif","/data/lb-00127/lb-00127-03.tif","lb-00127-03.tif","Signature","Done","22776802","File","tif","2026-08-11T09:42:02","false","","1","fmt/353","image/tiff","Tagged Image File Format",""
"48","1","file:/data/lb-00111/","/data/lb-00111","lb-00111","","Done","","Folder","","2026-08-11T09:42:17","false","",""
"49","38","file:/data/lb-00127/lb-00127-04.tif","/data/lb-00127/lb-00127-04.tif","lb-00127-04.tif","Signature","Done","23086744","File","tif","2026-08-11T09:42:04","false","","1","fmt/353","image/tiff","Tagged Image File Format",""
"50","44","file:/data/lb-00110/lb-00110-01.tif","/data/lb-00110/lb-00110-01.tif","lb-00110-01.tif","Signature","Done","17632218","File","tif","2026-08-11T09:42:06","false","","1","fmt/353","image/tiff","Tagged Image File Format",""
"51","44","file:/data/lb-00110/lb-00110-02.tif","/data/lb-00110/lb-00110-02.tif","lb-00110-02.tif","Signature","Done","16589976","File","tif","2026-08-11T09:42:07","false","","1","fmt/353","image/tiff","Tagged Image File Format",""
"52","1","file:/data/lb-00128/","/data/lb-00128","lb-00128","","Done","","Folder","","2026-08-11T09:42:25","false","",""
"53","44","file:/data/lb-00110/lb-00110-03.tif","/data/lb-00110/lb-00110-03.tif","lb-00110-03.tif","Signature","Done","16213186","File","tif","2026-08-11T09:42:09","false","","1","fmt/353","image/tiff","Tagged Image File Format",""
"54","44","file:/data/lb-00110/lb-00110-04.tif","/data/lb-00110/lb-00110-04.tif","lb-00110-04.tif","Signature","Done","17136694","File","tif","2026-08-11T09:42:11","false","","1","fmt/353","image/tiff","Tagged Image File Format",""
"55","48","file:/data/lb-00111/lb-00111-01.tif","/data/lb-00111/lb-00111-01.tif","lb-00111-01.tif","Signature","Done","16420284","File","tif","2026-08-11T09:42:12","false","","1","fmt/353","image/tiff","Tagged Image File Format",""
"56","48","file:/data/lb-00111/lb-00111-02.tif","/data/lb-00111/lb-00111-02.tif","lb-00111-02.tif","Signature","Done","14476538","File","tif","2026-08-11T09:42:14","false","","1","fmt/353","image/tiff","Tagged Image File Format",""
"57","1","file:/data/lb-00150/","/data/lb-00150","lb-00150","","Done","","Folder","","2026-08-04T21:16:13","false","",""
"58","48","file:/data/lb-00111/lb-00111-03.tif","/data/lb-00111/lb-00111-03.tif","lb-00111-03.tif","Signature","Done","12434840","File","tif","2026-08-11T09:42:15","false","","1","fmt/353","image/tiff","Tagged Image File Format",""
"59","1","file:/data/lb-00132/","/data/lb-00132","lb-00132","","Done","","Folder","","2026-08-11T09:42:32","false","",""
"60","48","file:/data/lb-00111/lb-00111-04.tif","/data/lb-00111/lb-00111-04.tif","lb-00111-04.tif","Signature","Done","16383076","File","tif","2026-08-11T09:42:17","false","","1","fmt/353","image/tiff","Tagged Image File Format",""
"61","52","file:/data/lb-00128/lb-00128-01.tif","/data/lb-00128/lb-00128-01.tif","lb-00128-01.tif","Signature","Done","23771562","File","tif","2026-08-11T09:42:19","false","","1","fmt/353","image/tiff","Tagged Image File Format",""
"62","52","file:/data/lb-00128/lb-00128-02.tif","/data/lb-00128/lb-00128-02.tif","lb-00128-02.tif","Signature","Done","23789412","File","tif","2026-08-11T09:42:21","false","","1","fmt/353","image/tiff","Tagged Image File Format",""
"63","52","file:/data/lb-00128/lb-00128-03.tif","/data/lb-00128/lb-00128-03.tif","lb-00128-03.tif","Signature","Done","22389284","File","tif","2026-08-11T09:42:23","false","","1","fmt/353","image/tiff","Tagged Image File Format",""
"64","1","file:/data/lb-00118/","/data/lb-00118","lb-00118","","Done","","Folder","","2026-08-11T09:42:38","false","",""
"65","52","file:/data/lb-00128/lb-00128-04.tif","/data/lb-00128/lb-00128-04.tif","lb-00128-04.tif","Signature","Done","23026430","File","tif","2026-08-11T09:42:25","false","","1","fmt/353","image/tiff","Tagged Image File Format",""
"66","59","file:/data/lb-00132/lb-00132-01.tif","/data/lb-00132/lb-00132-01.tif","lb-00132-01.tif","Signature","Done","18009796","File","tif","2026-08-11T09:42:26","false","","1","fmt/353","image/tiff","Tagged Image File Format",""
"67","59","file:/data/lb-00132/lb-00132-02.tif","/data/lb-00132/lb-00132-02.tif","lb-00132-02.tif","Signature","Done","18056320","File","tif","2026-08-11T09:42:28","false","","1","fmt/353","image/tiff","Tagged Image File Format",""
"68","59","file:/data/lb-00132/lb-00132-03.tif","/data/lb-00132/lb-00132-03.tif","lb-00132-03.tif","Signature","Done","16342714","File","tif","2026-08-11T09:42:30","false","","1","fmt/353","image/tiff","Tagged Image File Format",""
"69","1","file:/data/lb-00129/","/data/lb-00129","lb-00129","","Done","","Folder","","2026-08-11T09:42:46","false","",""
"70","59","file:/data/lb-00132/lb-00132-04.tif","/data/lb-00132/lb-00132-04.tif","lb-00132-04.tif","Signature","Done","17967822","File","tif","2026-08-11T09:42:32","false","","1","fmt/353","image/tiff","Tagged Image File Format",""
"71","64","file:/data/lb-00118/lb-00118-01.tif","/data/lb-00118/lb-00118-01.tif","lb-00118-01.tif","Signature","Done","16465794","File","tif","2026-08-11T09:42:33","false","","1","fmt/353","image/tiff","Tagged Image File Format",""
"72","64","file:/data/lb-00118/lb-00118-02.tif","/data/lb-00118/lb-00118-02.tif","lb-00118-02.tif","Signature","Done","17730336","File","tif","2026-08-11T09:42:35","false","","1","fmt/353","image/tiff","Tagged Image File Format",""
"73","64","file:/data/lb-00118/lb-00118-03.tif","/data/lb-00118/lb-00118-03.tif","lb-00118-03.tif","Signature","Done","17261758","File","tif","2026-08-11T09:42:36","false","","1","fmt/353","image/tiff","Tagged Image File Format",""
"74","1","file:/data/lb-00136/","/data/lb-00136","lb-00136","","Done","","Folder","","2026-08-11T09:42:54","false","",""
"75","64","file:/data/lb-00118/lb-00118-04.tif","/data/lb-00118/lb-00118-04.tif","lb-00118-04.tif","Signature","Done","17497930","File","tif","2026-08-11T09:42:38","false","","1","fmt/353","image/tiff","Tagged Image File Format",""
"76","69","file:/data/lb-00129/lb-00129-01.tif","/data/lb-00129/lb-00129-01.tif","lb-00129-01.tif","Signature","Done","20687960","File","tif","2026-08-11T09:42:40","false","","1","fmt/353","image/tiff","Tagged Image File Format",""
"77","69","file:/data/lb-00129/lb-00129-02.tif","/data/lb-00129/lb-00129-02.tif","lb-00129-02.tif","Signature","Done","20359592","File","tif","2026-08-11T09:42:42","false","","1","fmt/353","image/tiff","Tagged Image File Format",""
"78","69","file:/data/lb-00129/lb-00129-03.tif","/data/lb-00129/lb-00129-03.tif","lb-00129-03.tif","Signature","Done","19036488","File","tif","2026-08-11T09:42:44","false","","1","fmt/353","image/tiff","Tagged Image File Format",""
"79","1","file:/data/lb-00133/","/data/lb-00133","lb-00133","","Done","","Folder","","2026-08-11T09:43:01","false","",""
"80","69","file:/data/lb-00129/lb-00129-04.tif","/data/lb-00129/lb-00129-04.tif","lb-00129-04.tif","Signature","Done","20596458","File","tif","2026-08-11T09:42:46","false","","1","fmt/353","image/tiff","Tagged Image File Format",""
"81","74","file:/data/lb-00136/lb-00136-01.tif","/data/lb-00136/lb-00136-01.tif","lb-00136-01.tif","Signature","Done","23052426","File","tif","2026-08-11T09:42:48","false","","1","fmt/353","image/tiff","Tagged Image File Format",""
"82","74","file:/data/lb-00136/lb-00136-02.tif","/data/lb-00136/lb-00136-02.tif","lb-00136-02.tif","Signature","Done","21545916","File","tif","2026-08-11T09:42:50","false","","1","fmt/353","image/tiff","Tagged Image File Format",""
"83","1","file:/data/lb-00119/","/data/lb-00119","lb-00119","","Done","","Folder","","2026-08-11T09:43:09","false","",""
"84","74","file:/data/lb-00136/lb-00136-03.tif","/data/lb-00136/lb-00136-03.tif","lb-00136-03.tif","Signature","Done","19701408","File","tif","2026-08-11T09:42:52","false","","1","fmt/353","image/tiff","Tagged Image File Format",""
"85","74","file:/data/lb-00136/lb-00136-04.tif","/data/lb-00136/lb-00136-04.tif","lb-00136-04.tif","Signature","Done","22372382","File","tif","2026-08-11T09:42:54","false","","1","fmt/353","image/tiff","Tagged Image File Format",""
"86","79","file:/data/lb-00133/lb-00133-01.tif","/data/lb-00133/lb-00133-01.tif","lb-00133-01.tif","Signature","Done","19847398","File","tif","2026-08-11T09:42:56","false","","1","fmt/353","image/tiff","Tagged Image File Format",""
"87","79","file:/data/lb-00133/lb-00133-02.tif","/data/lb-00133/lb-00133-02.tif","lb-00133-02.tif","Signature","Done","19069950","File","tif","2026-08-11T09:42:57","false","","1","fmt/353","image/tiff","Tagged Image File Format",""
"88","1","file:/data/lb-00137/","/data/lb-00137","lb-00137","","Done","","Folder","","2026-08-11T09:43:16","false","",""
"89","79","file:/data/lb-00133/lb-00133-03.tif","/data/lb-00133/lb-00133-03.tif","lb-00133-03.tif","Signature","Done","18032052","File","tif","2026-08-11T09:42:59","false","","1","fmt/353","image/tiff","Tagged Image File Format",""
"90","79","file:/data/lb-00133/lb-00133-04.tif","/data/lb-00133/lb-00133-04.tif","lb-00133-04.tif","Signature","Done","19422456","File","tif","2026-08-11T09:43:01","false","","1","fmt/353","image/tiff","Tagged Image File Format",""
"91","83","file:/data/lb-00119/lb-00119-03.tif","/data/lb-00119/lb-00119-03.tif","lb-00119-03.tif","Signature","Done","21878220","File","tif","2026-08-11T09:43:03","false","","1","fmt/353","image/tiff","Tagged Image File Format",""
"92","83","file:/data/lb-00119/lb-00119-04.tif","/data/lb-00119/lb-00119-04.tif","lb-00119-04.tif","Signature","Done","23031970","File","tif","2026-08-11T09:43:05","false","","1","fmt/353","image/tiff","Tagged Image File Format",""
"93","83","file:/data/lb-00119/lb-00119-01.tif","/data/lb-00119/lb-00119-01.tif","lb-00119-01.tif","Signature","Done","22516786","File","tif","2026-08-11T09:43:07","false","","1","fmt/353","image/tiff","Tagged Image File Format",""
"94","1","file:/data/lb-00122/","/data/lb-00122","lb-00122","","Done","","Folder","","2026-08-11T09:43:23","false","",""
"95","83","file:/data/lb-00119/lb-00119-02.tif","/data/lb-00119/lb-00119-02.tif","lb-00119-02.tif","Signature","Done","22832118","File","tif","2026-08-11T09:43:09","false","","1","fmt/353","image/tiff","Tagged Image File Format",""
"96","88","file:/data/lb-00137/lb-00137-01.tif","/data/lb-00137/lb-00137-01.tif","lb-00137-01.tif","Signature","Done","20824602","File","tif","2026-08-11T09:43:11","false","","1","fmt/353","image/tiff","Tagged Image File Format",""
"97","88","file:/data/lb-00137/lb-00137-02.tif","/data/lb-00137/lb-00137-02.tif","lb-00137-02.tif","Signature","Done","20098158","File","tif","2026-08-11T09:43:12","false","","1","fmt/353","image/tiff","Tagged Image File Format",""
"98","88","file:/data/lb-00137/lb-00137-03.tif","/data/lb-00137/lb-00137-03.tif","lb-00137-03.tif","Signature","Done","18860018","File","tif","2026-08-11T09:43:14","false","","1","fmt/353","image/tiff","Tagged Image File Format",""
"99","1","file:/data/lb-00115/","/data/lb-00115","lb-00115","","Done","","Folder","","2026-08-11T09:43:30","false","",""
"100","88","file:/data/lb-00137/lb-00137-04.tif","/data/lb-00137/lb-00137-04.tif","lb-00137-04.tif","Signature","Done","19932390","File","tif","2026-08-11T09:43:16","false","","1","fmt/353","image/tiff","Tagged Image File Format",""
"101","94","file:/data/lb-00122/lb-00122-01.tif","/data/lb-00122/lb-00122-01.tif","lb-00122-01.tif","Signature","Done","17360446","File","tif","2026-08-11T09:43:18","false","","1","fmt/353","image/tiff","Tagged Image File Format",""
"102","94","file:/data/lb-00122/lb-00122-02.tif","/data/lb-00122/lb-00122-02.tif","lb-00122-02.tif","Signature","Done","21302286","File","tif","2026-08-11T09:43:19","false","","1","fmt/353","image/tiff","Tagged Image File Format",""
"103","94","file:/data/lb-00122/lb-00122-03.tif","/data/lb-00122/lb-00122-03.tif","lb-00122-03.tif","Signature","Done","16534340","File","tif","2026-08-11T09:43:21","false","","1","fmt/353","image/tiff","Tagged Image File Format",""
"104","1","file:/data/lb-00138/","/data/lb-00138","lb-00138","","Done","","Folder","","2026-08-11T09:43:37","false","",""
"105","94","file:/data/lb-00122/lb-00122-04.tif","/data/lb-00122/lb-00122-04.tif","lb-00122-04.tif","Signature","Done","15972330","File","tif","2026-08-11T09:43:23","false","","1","fmt/353","image/tiff","Tagged Image File Format",""
"106","99","file:/data/lb-00115/lb-00115-01.tif","/data/lb-00115/lb-00115-01.tif","lb-00115-01.tif","Signature","Done","20079642","File","tif","2026-08-11T09:43:24","false","","1","fmt/353","image/tiff","Tagged Image File Format",""
"107","99","file:/data/lb-00115/lb-00115-02.tif","/data/lb-00115/lb-00115-02.tif","lb-00115-02.tif","Signature","Done","18928480","File","tif","2026-08-11T09:43:26","false","","1","fmt/353","image/tiff","Tagged Image File Format",""
"108","99","file:/data/lb-00115/lb-00115-03.tif","/data/lb-00115/lb-00115-03.tif","lb-00115-03.tif","Signature","Done","17665290","File","tif","2026-08-11T09:43:28","false","","1","fmt/353","image/tiff","Tagged Image File Format",""
"109","1","file:/data/lb-00112/","/data/lb-00112","lb-00112","","Done","","Folder","","2026-08-11T09:43:43","false","",""
"110","99","file:/data/lb-00115/lb-00115-04.tif","/data/lb-00115/lb-00115-04.tif","lb-00115-04.tif","Signature","Done","19791682","File","tif","2026-08-11T09:43:30","false","","1","fmt/353","image/tiff","Tagged Image File Format",""
"111","104","file:/data/lb-00138/lb-00138-04.tif","/data/lb-00138/lb-00138-04.tif","lb-00138-04.tif","Signature","Done","20948206","File","tif","2026-08-11T09:43:32","false","","1","fmt/353","image/tiff","Tagged Image File Format",""
"112","104","file:/data/lb-00138/lb-00138-01.tif","/data/lb-00138/lb-00138-01.tif","lb-00138-01.tif","Signature","Done","21418198","File","tif","2026-08-11T09:43:34","false","","1","fmt/353","image/tiff","Tagged Image File Format",""
"113","104","file:/data/lb-00138/lb-00138-02.tif","/data/lb-00138/lb-00138-02.tif","lb-00138-02.tif","Signature","Done","20781106","File","tif","2026-08-11T09:43:35","false","","1","fmt/353","image/tiff","Tagged Image File Format",""
"114","1","file:/data/lb-00141/","/data/lb-00141","lb-00141","","Done","","Folder","","2026-08-11T09:43:52","false","",""
"115","104","file:/data/lb-00138/lb-00138-03.tif","/data/lb-00138/lb-00138-03.tif","lb-00138-03.tif","Signature","Done","18527688","File","tif","2026-08-11T09:43:37","false","","1","fmt/353","image/tiff","Tagged Image File Format",""
"116","109","file:/data/lb-00112/lb-00112-01.tif","/data/lb-00112/lb-00112-01.tif","lb-00112-01.tif","Signature","Done","17043200","File","tif","2026-08-11T09:43:39","false","","1","fmt/353","image/tiff","Tagged Image File Format",""
"117","109","file:/data/lb-00112/lb-00112-02.tif","/data/lb-00112/lb-00112-02.tif","lb-00112-02.tif","Signature","Done","14758866","File","tif","2026-08-11T09:43:40","false","","1","fmt/353","image/tiff","Tagged Image File Format",""
"118","109","file:/data/lb-00112/lb-00112-03.tif","/data/lb-00112/lb-00112-03.tif","lb-00112-03.tif","Signature","Done","11373876","File","tif","2026-08-11T09:43:42","false","","1","fmt/353","image/tiff","Tagged Image File Format",""
"119","1","file:/data/lb-00134/","/data/lb-00134","lb-00134","","Done","","Folder","","2026-08-11T09:43:59","false","",""
"120","109","file:/data/lb-00112/lb-00112-04.tif","/data/lb-00112/lb-00112-04.tif","lb-00112-04.tif","Signature","Done","15998576","File","tif","2026-08-11T09:43:43","false","","1","fmt/353","image/tiff","Tagged Image File Format",""
"121","114","file:/data/lb-00141/lb-00141-01.tif","/data/lb-00141/lb-00141-01.tif","lb-00141-01.tif","Signature","Done","26245236","File","tif","2026-08-11T09:43:45","false","","1","fmt/353","image/tiff","Tagged Image File Format",""
"122","114","file:/data/lb-00141/lb-00141-02.tif","/data/lb-00141/lb-00141-02.tif","lb-00141-02.tif","Signature","Done","26986202","File","tif","2026-08-11T09:43:48","false","","1","fmt/353","image/tiff","Tagged Image File Format",""
"123","114","file:/data/lb-00141/lb-00141-03.tif","/data/lb-00141/lb-00141-03.tif","lb-00141-03.tif","Signature","Done","25215700","File","tif","2026-08-11T09:43:50","false","","1","fmt/353","image/tiff","Tagged Image File Format",""
"124","1","file:/data/lb-00144/","/data/lb-00144","lb-00144","","Done","","Folder","","2026-08-11T09:44:05","false","",""
"125","114","file:/data/lb-00141/lb-00141-04.tif","/data/lb-00141/lb-00141-04.tif","lb-00141-04.tif","Signature","Done","27117550","File","tif","2026-08-11T09:43:52","false","","1","fmt/353","image/tiff","Tagged Image File Format",""
"126","119","file:/data/lb-00134/lb-00134-01.tif","/data/lb-00134/lb-00134-01.tif","lb-00134-01.tif","Signature","Done","20556838","File","tif","2026-08-11T09:43:54","false","","1","fmt/353","image/tiff","Tagged Image File Format",""
"127","119","file:/data/lb-00134/lb-00134-02.tif","/data/lb-00134/lb-00134-02.tif","lb-00134-02.tif","Signature","Done","20100600","File","tif","2026-08-11T09:43:56","false","","1","fmt/353","image/tiff","Tagged Image File Format",""
"128","1","file:/data/lb-00139/","/data/lb-00139","lb-00139","","Done","","Folder","","2026-08-11T09:44:13","false","",""
"129","119","file:/data/lb-00134/lb-00134-03.tif","/data/lb-00134/lb-00134-03.tif","lb-00134-03.tif","Signature","Done","18562896","File","tif","2026-08-11T09:43:57","false","","1","fmt/353","image/tiff","Tagged Image File Format",""
"130","119","file:/data/lb-00134/lb-00134-04.tif","/data/lb-00134/lb-00134-04.tif","lb-00134-04.tif","Signature","Done","18940784","File","tif","2026-08-11T09:43:59","false","","1","fmt/353","image/tiff","Tagged Image File Format",""
"131","124","file:/data/lb-00144/lb-00144-01.tif","/data/lb-00144/lb-00144-01.tif","lb-00144-01.tif","Signature","Done","18992550","File","tif","2026-08-11T09:44:01","false","","1","fmt/353","image/tiff","Tagged Image File Format",""
"132","124","file:/data/lb-00144/lb-00144-02.tif","/data/lb-00144/lb-00144-02.tif","lb-00144-02.tif","Signature","Done","13142702","File","tif","2026-08-11T09:44:02","false","","1","fmt/353","image/tiff","Tagged Image File Format",""
"133","124","file:/data/lb-00144/lb-00144-03.tif","/data/lb-00144/lb-00144-03.tif","lb-00144-03.tif","Signature","Done","11202676","File","tif","2026-08-11T09:44:04","false","","1","fmt/353","image/tiff","Tagged Image File Format",""
"134","1","file:/data/lb-00113/","/data/lb-00113","lb-00113","","Done","","Folder","","2026-08-11T09:44:20","false","",""
"135","124","file:/data/lb-00144/lb-00144-04.tif","/data/lb-00144/lb-00144-04.tif","lb-00144-04.tif","Signature","Done","18932514","File","tif","2026-08-11T09:44:05","false","","1","fmt/353","image/tiff","Tagged Image File Format",""
"136","128","file:/data/lb-00139/lb-00139-01.tif","/data/lb-00139/lb-00139-01.tif","lb-00139-01.tif","Signature","Done","23614118","File","tif","2026-08-11T09:44:07","false","","1","fmt/353","image/tiff","Tagged Image File Format",""
"137","128","file:/data/lb-00139/lb-00139-02.tif","/data/lb-00139/lb-00139-02.tif","lb-00139-02.tif","Signature","Done","21713036","File","tif","2026-08-11T09:44:09","false","","1","fmt/353","image/tiff","Tagged Image File Format",""
"138","128","file:/data/lb-00139/lb-00139-03.tif","/data/lb-00139/lb-00139-03.tif","lb-00139-03.tif","Signature","Done","19208734","File","tif","2026-08-11T09:44:11","false","","1","fmt/353","image/tiff","Tagged Image File Format",""
"139","1","file:/data/lb-00116/","/data/lb-00116","lb-00116","","Done","","Folder","","2026-08-11T09:44:25","false","",""
"140","128","file:/data/lb-00139/lb-00139-04.tif","/data/lb-00139/lb-00139-04.tif","lb-00139-04.tif","Signature","Done","22827612","File","tif","2026-08-11T09:44:13","false","","1","fmt/353","image/tiff","Tagged Image File Format",""
"141","134","file:/data/lb-00113/lb-00113-01.tif","/data/lb-00113/lb-00113-01.tif","lb-00113-01.tif","Signature","Done","18664586","File","tif","2026-08-11T09:44:15","false","","1","fmt/353","image/tiff","Tagged Image File Format",""
"142","134","file:/data/lb-00113/lb-00113-02.tif","/data/lb-00113/lb-00113-02.tif","lb-00113-02.tif","Signature","Done","19290184","File","tif","2026-08-11T09:44:16","false","","1","fmt/353","image/tiff","Tagged Image File Format",""
"143","134","file:/data/lb-00113/lb-00113-03.tif","/data/lb-00113/lb-00113-03.tif","lb-00113-03.tif","Signature","Done","18159520","File","tif","2026-08-11T09:44:18","false","","1","fmt/353","image/tiff","Tagged Image File Format",""
"144","1","file:/data/lb-00123/","/data/lb-00123","lb-00123","","Done","","Folder","","2026-08-11T09:44:32","false","",""
"145","134","file:/data/lb-00113/lb-00113-04.tif","/data/lb-00113/lb-00113-04.tif","lb-00113-04.tif","Signature","Done","19661106","File","tif","2026-08-11T09:44:20","false","","1","fmt/353","image/tiff","Tagged Image File Format",""
"146","139","file:/data/lb-00116/lb-00116-01.tif","/data/lb-00116/lb-00116-01.tif","lb-00116-01.tif","Signature","Done","12670934","File","tif","2026-08-11T09:44:21","false","","1","fmt/353","image/tiff","Tagged Image File Format",""
"147","139","file:/data/lb-00116/lb-00116-02.tif","/data/lb-00116/lb-00116-02.tif","lb-00116-02.tif","Signature","Done","12656616","File","tif","2026-08-11T09:44:23","false","","1","fmt/353","image/tiff","Tagged Image File Format",""
"148","139","file:/data/lb-00116/lb-00116-03.tif","/data/lb-00116/lb-00116-03.tif","lb-00116-03.tif","Signature","Done","10651364","File","tif","2026-08-11T09:44:24","false","","1","fmt/353","image/tiff","Tagged Image File Format",""
"149","1","file:/data/lb-00120/","/data/lb-00120","lb-00120","","Done","","Folder","","2026-08-11T09:44:38","false","",""
"150","139","file:/data/lb-00116/lb-00116-04.tif","/data/lb-00116/lb-00116-04.tif","lb-00116-04.tif","Signature","Done","13675334","File","tif","2026-08-11T09:44:25","false","","1","fmt/353","image/tiff","Tagged Image File Format",""
"151","144","file:/data/lb-00123/lb-00123-01.tif","/data/lb-00123/lb-00123-01.tif","lb-00123-01.tif","Signature","Done","18784466","File","tif","2026-08-11T09:44:27","false","","1","fmt/353","image/tiff","Tagged Image File Format",""
"152","144","file:/data/lb-00123/lb-00123-02.tif","/data/lb-00123/lb-00123-02.tif","lb-00123-02.tif","Signature","Done","18421318","File","tif","2026-08-11T09:44:29","false","","1","fmt/353","image/tiff","Tagged Image File Format",""
"153","144","file:/data/lb-00123/lb-00123-03.tif","/data/lb-00123/lb-00123-03.tif","lb-00123-03.tif","Signature","Done","16411934","File","tif","2026-08-11T09:44:30","false","","1","fmt/353","image/tiff","Tagged Image File Format",""
"154","1","file:/data/lb-00130/","/data/lb-00130","lb-00130","","Done","","Folder","","2026-08-11T09:44:45","false","",""
"155","144","file:/data/lb-00123/lb-00123-04.tif","/data/lb-00123/lb-00123-04.tif","lb-00123-04.tif","Signature","Done","19627404","File","tif","2026-08-11T09:44:32","false","","1","fmt/353","image/tiff","Tagged Image File Format",""
"156","149","file:/data/lb-00120/lb-00120-01.tif","/data/lb-00120/lb-00120-01.tif","lb-00120-01.tif","Signature","Done","16471670","File","tif","2026-08-11T09:44:34","false","","1","fmt/353","image/tiff","Tagged Image File Format",""
"157","149","file:/data/lb-00120/lb-00120-02.tif","/data/lb-00120/lb-00120-02.tif","lb-00120-02.tif","Signature","Done","15250128","File","tif","2026-08-11T09:44:35","false","","1","fmt/353","image/tiff","Tagged Image File Format",""
"158","149","file:/data/lb-00120/lb-00120-03.tif","/data/lb-00120/lb-00120-03.tif","lb-00120-03.tif","Signature","Done","12062202","File","tif","2026-08-11T09:44:37","false","","1","fmt/353","image/tiff","Tagged Image File Format",""
"159","1","file:/data/lb-00142/","/data/lb-00142","lb-00142","","Done","","Folder","","2026-08-11T09:44:54","false","",""
"160","149","file:/data/lb-00120/lb-00120-04.tif","/data/lb-00120/lb-00120-04.tif","lb-00120-04.tif","Signature","Done","15510162","File","tif","2026-08-11T09:44:38","false","","1","fmt/353","image/tiff","Tagged Image File Format",""
"161","154","file:/data/lb-00130/lb-00130-01.tif","/data/lb-00130/lb-00130-01.tif","lb-00130-01.tif","Signature","Done","20379870","File","tif","2026-08-11T09:44:40","false","","1","fmt/353","image/tiff","Tagged Image File Format",""
"162","154","file:/data/lb-00130/lb-00130-02.tif","/data/lb-00130/lb-00130-02.tif","lb-00130-02.tif","Signature","Done","19260372","File","tif","2026-08-11T09:44:42","false","","1","fmt/353","image/tiff","Tagged Image File Format",""
"163","154","file:/data/lb-00130/lb-00130-03.tif","/data/lb-00130/lb-00130-03.tif","lb-00130-03.tif","Signature","Done","18361478","File","tif","2026-08-11T09:44:44","false","","1","fmt/353","image/tiff","Tagged Image File Format",""
"164","1","file:/data/lb-00131/","/data/lb-00131","lb-00131","","Done","","Folder","","2026-08-11T09:45:01","false","",""
"165","154","file:/data/lb-00130/lb-00130-04.tif","/data/lb-00130/lb-00130-04.tif","lb-00130-04.tif","Signature","Done","19787190","File","tif","2026-08-11T09:44:45","false","","1","fmt/353","image/tiff","Tagged Image File Format",""
"166","159","file:/data/lb-00142/lb-00142-01.tif","/data/lb-00142/lb-00142-01.tif","lb-00142-01.tif","Signature","Done","26737314","File","tif","2026-08-11T09:44:48","false","","1","fmt/353","image/tiff","Tagged Image File Format",""
"167","159","file:/data/lb-00142/lb-00142-02.tif","/data/lb-00142/lb-00142-02.tif","lb-00142-02.tif","Signature","Done","26851916","File","tif","2026-08-11T09:44:50","false","","1","fmt/353","image/tiff","Tagged Image File Format",""
"168","159","file:/data/lb-00142/lb-00142-03.tif","/data/lb-00142/lb-00142-03.tif","lb-00142-03.tif","Signature","Done","24669984","File","tif","2026-08-11T09:44:52","false","","1","fmt/353","image/tiff","Tagged Image File Format",""
"169","1","file:/data/lb-00114/","/data/lb-00114","lb-00114","","Done","","Folder","","2026-08-11T09:45:08","false","",""
"170","159","file:/data/lb-00142/lb-00142-04.tif","/data/lb-00142/lb-00142-04.tif","lb-00142-04.tif","Signature","Done","27358624","File","tif","2026-08-11T09:44:54","false","","1","fmt/353","image/tiff","Tagged Image File Format",""
"171","164","file:/data/lb-00131/lb-00131-01.tif","/data/lb-00131/lb-00131-01.tif","lb-00131-01.tif","Signature","Done","18731476","File","tif","2026-08-11T09:44:56","false","","1","fmt/353","image/tiff","Tagged Image File Format",""
"172","164","file:/data/lb-00131/lb-00131-02.tif","/data/lb-00131/lb-00131-02.tif","lb-00131-02.tif","Signature","Done","19443766","File","tif","2026-08-11T09:44:58","false","","1","fmt/353","image/tiff","Tagged Image File Format",""
"173","164","file:/data/lb-00131/lb-00131-03.tif","/data/lb-00131/lb-00131-03.tif","lb-00131-03.tif","Signature","Done","18036352","File","tif","2026-08-11T09:44:59","false","","1","fmt/353","image/tiff","Tagged Image File Format",""
"174","1","file:/data/lb-00117/","/data/lb-00117","lb-00117","","Done","","Folder","","2026-08-11T09:45:14","false","",""
"175","164","file:/data/lb-00131/lb-00131-04.tif","/data/lb-00131/lb-00131-04.tif","lb-00131-04.tif","Signature","Done","18439546","File","tif","2026-08-11T09:45:01","false","","1","fmt/353","image/tiff","Tagged Image File Format",""
"176","169","file:/data/lb-00114/lb-00114-01.tif","/data/lb-00114/lb-00114-01.tif","lb-00114-01.tif","Signature","Done","21599536","File","tif","2026-08-11T09:45:03","false","","1","fmt/353","image/tiff","Tagged Image File Format",""
"177","169","file:/data/lb-00114/lb-00114-02.tif","/data/lb-00114/lb-00114-02.tif","lb-00114-02.tif","Signature","Done","20092182","File","tif","2026-08-11T09:45:05","false","","1","fmt/353","image/tiff","Tagged Image File Format",""
"178","169","file:/data/lb-00114/lb-00114-03.tif","/data/lb-00114/lb-00114-03.tif","lb-00114-03.tif","Signature","Done","17962002","File","tif","2026-08-11T09:45:06","false","","1","fmt/353","image/tiff","Tagged Image File Format",""
"179","1","file:/data/lb-00121/","/data/lb-00121","lb-00121","","Done","","Folder","","2026-08-11T09:45:20","false","",""
"180","169","file:/data/lb-00114/lb-00114-04.tif","/data/lb-00114/lb-00114-04.tif","lb-00114-04.tif","Signature","Done","20684990","File","tif","2026-08-11T09:45:08","false","","1","fmt/353","image/tiff","Tagged Image File Format",""
"181","174","file:/data/lb-00117/lb-00117-01.tif","/data/lb-00117/lb-00117-01.tif","lb-00117-01.tif","Signature","Done","16682020","File","tif","2026-08-11T09:45:10","false","","1","fmt/353","image/tiff","Tagged Image File Format",""
"182","174","file:/data/lb-00117/lb-00117-02.tif","/data/lb-00117/lb-00117-02.tif","lb-00117-02.tif","Signature","Done","15521584","File","tif","2026-08-11T09:45:11","false","","1","fmt/353","image/tiff","Tagged Image File Format",""
"183","174","file:/data/lb-00117/lb-00117-03.tif","/data/lb-00117/lb-00117-03.tif","lb-00117-03.tif","Signature","Done","14337076","File","tif","2026-08-11T09:45:13","false","","1","fmt/353","image/tiff","Tagged Image File Format",""
"184","1","file:/data/lb-00124/","/data/lb-00124","lb-00124","","Done","","Folder","","2026-08-11T09:45:28","false","",""
"185","174","file:/data/lb-00117/lb-00117-04.tif","/data/lb-00117/lb-00117-04.tif","lb-00117-04.tif","Signature","Done","17247728","File","tif","2026-08-11T09:45:14","false","","1","fmt/353","image/tiff","Tagged Image File Format",""
"186","179","file:/data/lb-00121/lb-00121-01.tif","/data/lb-00121/lb-00121-01.tif","lb-00121-01.tif","Signature","Done","16424498","File","tif","2026-08-11T09:45:16","false","","1","fmt/353","image/tiff","Tagged Image File Format",""
"187","179","file:/data/lb-00121/lb-00121-02.tif","/data/lb-00121/lb-00121-02.tif","lb-00121-02.tif","Signature","Done","13389608","File","tif","2026-08-11T09:45:17","false","","1","fmt/353","image/tiff","Tagged Image File Format",""
"188","179","file:/data/lb-00121/lb-00121-03.tif","/data/lb-00121/lb-00121-03.tif","lb-00121-03.tif","Signature","Done","11315624","File","tif","2026-08-11T09:45:19","false","","1","fmt/353","image/tiff","Tagged Image File Format",""
"189","1","file:/data/lb-00126/","/data/lb-00126","lb-00126","","Done","","Folder","","2026-08-11T09:45:35","false","",""
"190","179","file:/data/lb-00121/lb-00121-04.tif","/data/lb-00121/lb-00121-04.tif","lb-00121-04.tif","Signature","Done","16121812","File","tif","2026-08-11T09:45:20","false","","1","fmt/353","image/tiff","Tagged Image File Format",""
"191","184","file:/data/lb-00124/lb-00124-01.tif","/data/lb-00124/lb-00124-01.tif","lb-00124-01.tif","Signature","Done","21596106","File","tif","2026-08-11T09:45:22","false","","1","fmt/353","image/tiff","Tagged Image File Format",""
"192","184","file:/data/lb-00124/lb-00124-02.tif","/data/lb-00124/lb-00124-02.tif","lb-00124-02.tif","Signature","Done","21128740","File","tif","2026-08-11T09:45:24","false","","1","fmt/353","image/tiff","Tagged Image File Format",""
"193","1","file:/data/lb-00135/","/data/lb-00135","lb-00135","","Done","","Folder","","2026-08-11T09:45:43","false","",""
"194","184","file:/data/lb-00124/lb-00124-03.tif","/data/lb-00124/lb-00124-03.tif","lb-00124-03.tif","Signature","Done","19286286","File","tif","2026-08-11T09:45:26","false","","1","fmt/353","image/tiff","Tagged Image File Format",""
"195","184","file:/data/lb-00124/lb-00124-04.tif","/data/lb-00124/lb-00124-04.tif","lb-00124-04.tif","Signature","Done","21399318","File","tif","2026-08-11T09:45:28","false","","1","fmt/353","image/tiff","Tagged Image File Format",""
"196","189","file:/data/lb-00126/lb-00126-01.tif","/data/lb-00126/lb-00126-01.tif","lb-00126-01.tif","Signature","Done","21014060","File","tif","2026-08-11T09:45:30","false","","1","fmt/353","image/tiff","Tagged Image File Format",""
"197","189","file:/data/lb-00126/lb-00126-02.tif","/data/lb-00126/lb-00126-02.tif","lb-00126-02.tif","Signature","Done","20641416","File","tif","2026-08-11T09:45:32","false","","1","fmt/353","image/tiff","Tagged Image File Format",""
"198","1","file:/data/lb-00140/","/data/lb-00140","lb-00140","","Done","","Folder","","2026-08-11T09:45:52","false","",""
"199","189","file:/data/lb-00126/lb-00126-03.tif","/data/lb-00126/lb-00126-03.tif","lb-00126-03.tif","Signature","Done","19772122","File","tif","2026-08-11T09:45:33","false","","1","fmt/353","image/tiff","Tagged Image File Format",""
"200","189","file:/data/lb-00126/lb-00126-04.tif","/data/lb-00126/lb-00126-04.tif","lb-00126-04.tif","Signature","Done","22294512","File","tif","2026-08-11T09:45:35","false","","1","fmt/353","image/tiff","Tagged Image File Format",""
"201","193","file:/data/lb-00135/lb-00135-01.tif","/data/lb-00135/lb-00135-01.tif","lb-00135-01.tif","Signature","Done","22551732","File","tif","2026-08-11T09:45:37","false","","1","fmt/353","image/tiff","Tagged Image File Format",""
"202","193","file:/data/lb-00135/lb-00135-02.tif","/data/lb-00135/lb-00135-02.tif","lb-00135-02.tif","Signature","Done","20645360","File","tif","2026-08-11T09:45:39","false","","1","fmt/353","image/tiff","Tagged Image File Format",""
"203","1","file:/data/lb-00143/","/data/lb-00143","lb-00143","","Done","","Folder","","2026-08-11T09:46:00","false","",""
"204","193","file:/data/lb-00135/lb-00135-03.tif","/data/lb-00135/lb-00135-03.tif","lb-00135-03.tif","Signature","Done","19239422","File","tif","2026-08-11T09:45:41","false","","1","fmt/353","image/tiff","Tagged Image File Format",""
"205","193","file:/data/lb-00135/lb-00135-04.tif","/data/lb-00135/lb-00135-04.tif","lb-00135-04.tif","Signature","Done","23936802","File","tif","2026-08-11T09:45:43","false","","1","fmt/353","image/tiff","Tagged Image File Format",""
"206","198","file:/data/lb-00140/lb-00140-01.tif","/data/lb-00140/lb-00140-01.tif","lb-00140-01.tif","Signature","Done","25635214","File","tif","2026-08-11T09:45:46","false","","1","fmt/353","image/tiff","Tagged Image File Format",""
"207","198","file:/data/lb-00140/lb-00140-02.tif","/data/lb-00140/lb-00140-02.tif","lb-00140-02.tif","Signature","Done","27002574","File","tif","2026-08-11T09:45:48","false","","1","fmt/353","image/tiff","Tagged Image File Format",""
"208","198","file:/data/lb-00140/lb-00140-03.tif","/data/lb-00140/lb-00140-03.tif","lb-00140-03.tif","Signature","Done","24726608","File","tif","2026-08-11T09:45:50","false","","1","fmt/353","image/tiff","Tagged Image File Format",""
"209","1","file:/data/lb-00145/","/data/lb-00145","lb-00145","","Done","","Folder","","2026-08-11T09:46:06","false","",""
"210","198","file:/data/lb-00140/lb-00140-04.tif","/data/lb-00140/lb-00140-04.tif","lb-00140-04.tif","Signature","Done","26003344","File","tif","2026-08-11T09:45:52","false","","1","fmt/353","image/tiff","Tagged Image File Format",""
"211","203","file:/data/lb-00143/lb-00143-01.tif","/data/lb-00143/lb-00143-01.tif","lb-00143-01.tif","Signature","Done","21134584","File","tif","2026-08-11T09:45:54","false","","1","fmt/353","image/tiff","Tagged Image File Format",""
"212","203","file:/data/lb-00143/lb-00143-02.tif","/data/lb-00143/lb-00143-02.tif","lb-00143-02.tif","Signature","Done","26782908","File","tif","2026-08-11T09:45:56","false","","1","fmt/353","image/tiff","Tagged Image File Format",""
"213","203","file:/data/lb-00143/lb-00143-03.tif","/data/lb-00143/lb-00143-03.tif","lb-00143-03.tif","Signature","Done","25204424","File","tif","2026-08-11T09:45:58","false","","1","fmt/353","image/tiff","Tagged Image File Format",""
"214","1","file:/data/lb-00146/","/data/lb-00146","lb-00146","","Done","","Folder","","2026-08-11T09:46:08","false","",""
"215","203","file:/data/lb-00143/lb-00143-04.tif","/data/lb-00143/lb-00143-04.tif","lb-00143-04.tif","Signature","Done","22441158","File","tif","2026-08-11T09:46:00","false","","1","fmt/353","image/tiff","Tagged Image File Format",""
"216","209","file:/data/lb-00145/lb-00145-01.tif","/data/lb-00145/lb-00145-01.tif","lb-00145-01.tif","Signature","Done","15736768","File","tif","2026-08-11T09:46:02","false","","1","fmt/353","image/tiff","Tagged Image File Format",""
"217","1","file:/data/lb-00147/","/data/lb-00147","lb-00147","","Done","","Folder","","2026-08-04T21:16:13","false","",""
"218","209","file:/data/lb-00145/lb-00145-02.tif","/data/lb-00145/lb-00145-02.tif","lb-00145-02.tif","Signature","Done","15801204","File","tif","2026-08-11T09:46:03","false","","1","fmt/353","image/tiff","Tagged Image File Format",""
"219","209","file:/data/lb-00145/lb-00145-03.tif","/data/lb-00145/lb-00145-03.tif","lb-00145-03.tif","Signature","Done","12532284","File","tif","2026-08-11T09:46:05","false","","1","fmt/353","image/tiff","Tagged Image File Format",""
"220","1","file:/data/lb-00148/","/data/lb-00148","lb-00148","","Done","","Folder","","2026-08-04T21:16:13","false","",""
"221","209","file:/data/lb-00145/lb-00145-04.tif","/data/lb-00145/lb-00145-04.tif","lb-00145-04.tif","Signature","Done","15262388","File","tif","2026-08-11T09:46:06","false","","1","fmt/353","image/tiff","Tagged Image File Format",""
"222","1","file:/data/lb-00107/","/data/lb-00107","lb-00107","","Done","","Folder","","2026-08-11T09:46:15","false","",""
"223","214","file:/data/lb-00146/lb-00146-02.tif","/data/lb-00146/lb-00146-02.tif","lb-00146-02.tif","Signature","Done","8547110","File","tif","2026-08-11T09:46:07","false","","1","fmt/353","image/tiff","Tagged Image File Format",""
"224","214","file:/data/lb-00146/lb-00146-01.tif","/data/lb-00146/lb-00146-01.tif","lb-00146-01.tif","Signature","Done","8924022","File","tif","2026-08-11T09:46:08","false","","1","fmt/353","image/tiff","Tagged Image File Format",""
"225","1","file:/data/lb-00125/","/data/lb-00125","lb-00125","","Done","","Folder","","2026-08-11T09:46:22","false","",""
"226","222","file:/data/lb-00107/lb-00107-01.tif","/data/lb-00107/lb-00107-01.tif","lb-00107-01.tif","Signature","Done","17168758","File","tif","2026-08-11T09:46:10","false","","1","fmt/353","image/tiff","Tagged Image File Format",""
"227","222","file:/data/lb-00107/lb-00107-02.tif","/data/lb-00107/lb-00107-02.tif","lb-00107-02.tif","Signature","Done","17172576","File","tif","2026-08-11T09:46:12","false","","1","fmt/353","image/tiff","Tagged Image File Format",""
"228","222","file:/data/lb-00107/lb-00107-03.tif","/data/lb-00107/lb-00107-03.tif","lb-00107-03.tif","Signature","Done","15303682","File","tif","2026-08-11T09:46:13","false","","1","fmt/353","image/tiff","Tagged Image File Format",""
"229","222","file:/data/lb-00107/lb-00107-04.tif","/data/lb-00107/lb-00107-04.tif","lb-00107-04.tif","Signature","Done","17546910","File","tif","2026-08-11T09:46:15","false","","1","fmt/353","image/tiff","Tagged Image File Format",""
"230","225","file:/data/lb-00125/lb-00125-01.tif","/data/lb-00125/lb-00125-01.tif","lb-00125-01.tif","Signature","Done","21150194","File","tif","2026-08-11T09:46:17","false","","1","fmt/353","image/tiff","Tagged Image File Format",""
"231","225","file:/data/lb-00125/lb-00125-02.tif","/data/lb-00125/lb-00125-02.tif","lb-00125-02.tif","Signature","Done","21642582","File","tif","2026-08-11T09:46:18","false","","1","fmt/353","image/tiff","Tagged Image File Format",""
"232","225","file:/data/lb-00125/lb-00125-03.tif","/data/lb-00125/lb-00125-03.tif","lb-00125-03.tif","Signature","Done","19267904","File","tif","2026-08-11T09:46:20","false","","1","fmt/353","image/tiff","Tagged Image File Format",""
"233","225","file:/data/lb-00125/lb-00125-04.tif","/data/lb-00125/lb-00125-04.tif","lb-00125-04.tif","Signature","Done","21274150","File","tif","2026-08-11T09:46:22","false","","1","fmt/353","image/tiff","Tagged Image File Format",""
